,z_0,z_1,z_2,connected
0,1664.0,-488.7180422007623,-21.67081303038458,1.0
1,1664.0,-488.72007766921183,-21.419428545028723,1.0
2,1664.0,-488.8584725913993,-18.116914391738874,1.0
3,1664.0,-488.9665538150059,-16.217910679621127,1.0
4,1664.0,-489.0593607235139,-15.353564901128038,1.0
5,1664.0,-489.10377629309437,-14.969373346832754,1.0
6,1664.0,-489.1996749180646,-14.275869258560533,1.0
7,1664.0,-489.33877661666565,-13.37780051376717,1.0
8,1664.0,-489.4258220136014,-12.951105510923526,1.0
9,1664.0,-490.06486251940214,-10.064872597039539,1.0
10,1664.0,-490.2459708235915,-9.410093427356742,1.0
11,1664.0,-490.29621266801496,-9.258737909060983,1.0
12,1664.0,-490.33341046752867,-9.186231262897763,1.0
13,1664.0,-490.44918228489496,-8.978850624233246,1.0
14,1664.0,-491.36322053954314,-7.667198175885687,1.0
15,1664.0,-491.74570606258226,-7.380019733084737,1.0
16,1664.0,-492.3473041962784,-7.030304437589621,1.0
17,1664.0,-492.9150487851716,-6.735806488184608,1.0
18,1664.0,-493.6364536141382,-6.401101740745162,1.0
19,1664.0,-494.6952475615051,-6.00320244685463,1.0
20,1664.0,-495.6119134264786,-5.7153029085379785,1.0
21,1664.0,-496.81180766775583,-5.384805302091536,1.0
22,1664.0,-500.40016019541326,-4.638168543668371,1.0
23,1664.0,-501.1745689002396,-4.484055000628814,1.0
24,1664.0,-504.16259939270776,-3.9335525439248613,1.0
25,1664.0,-506.3664348186908,-3.5349503320978783,1.0
26,1664.0,-506.55368304713534,-3.504528428701633,1.0
27,1664.0,-508.90120629327043,-3.255732511074939,1.0
28,1664.0,-525.1752928234002,-1.5685303824502626,1.0
29,1664.0,-525.6897097625331,-1.538258575197915,0.0
30,1650.0,-260.71804220076183,-205.67081303038458,1.0
31,1650.0,-260.72007766921183,-205.41942854502872,1.0
32,1650.0,-260.8584725913993,-202.11691439173887,1.0
33,1650.0,-260.9665538150059,-200.21791067962113,1.0
34,1650.0,-261.0593607235139,-199.35356490112804,1.0
35,1650.0,-261.10377629309437,-198.96937334683275,1.0
36,1650.0,-261.1996749180646,-198.27586925856053,1.0
37,1650.0,-261.33877661666565,-197.37780051376717,1.0
38,1650.0,-261.4258220136014,-196.95110551092353,1.0
39,1650.0,-262.06486251940214,-194.06487259703954,1.0
40,1650.0,-262.2459708235915,-193.41009342735674,1.0
41,1650.0,-262.29621266801496,-193.25873790906098,1.0
42,1650.0,-262.33341046752867,-193.18623126289776,1.0
43,1650.0,-262.44918228489496,-192.97885062423325,1.0
44,1650.0,-263.36322053954314,-191.6671981758857,1.0
45,1650.0,-263.74570606258226,-191.38001973308474,1.0
46,1650.0,-264.3473041962784,-191.03030443758962,1.0
47,1650.0,-264.9150487851716,-190.7358064881846,1.0
48,1650.0,-265.6364536141382,-190.40110174074516,1.0
49,1650.0,-266.6952475615051,-190.00320244685463,1.0
50,1650.0,-267.6119134264786,-189.71530290853798,1.0
51,1650.0,-268.81180766775583,-189.38480530209154,1.0
52,1650.0,-272.40016019541326,-188.63816854366837,1.0
53,1650.0,-273.1745689002396,-188.4840550006288,1.0
54,1650.0,-276.16259939270776,-187.93355254392486,1.0
55,1650.0,-278.3664348186908,-187.53495033209788,1.0
56,1650.0,-278.55368304713534,-187.50452842870163,1.0
57,1650.0,-280.90120629327043,-187.25573251107494,1.0
58,1650.0,-297.17529282340024,-185.56853038245026,1.0
59,1650.0,-297.6897097625331,-185.53825857519791,0.0
60,1625.0,-198.71804220076183,-45.67081303038458,1.0
61,1625.0,-198.72007766921183,-45.41942854502872,1.0
62,1625.0,-198.85847259139928,-42.116914391738874,1.0
63,1625.0,-198.9665538150059,-40.21791067962113,1.0
64,1625.0,-199.05936072351392,-39.35356490112804,1.0
65,1625.0,-199.10377629309437,-38.969373346832754,1.0
66,1625.0,-199.1996749180646,-38.27586925856053,1.0
67,1625.0,-199.33877661666565,-37.37780051376717,1.0
68,1625.0,-199.42582201360142,-36.951105510923526,1.0
69,1625.0,-200.06486251940214,-34.06487259703954,1.0
70,1625.0,-200.2459708235915,-33.41009342735674,1.0
71,1625.0,-200.29621266801496,-33.25873790906098,1.0
72,1625.0,-200.33341046752867,-33.18623126289776,1.0
73,1625.0,-200.44918228489496,-32.978850624233246,1.0
74,1625.0,-201.36322053954314,-31.667198175885687,1.0
75,1625.0,-201.74570606258226,-31.380019733084737,1.0
76,1625.0,-202.3473041962784,-31.03030443758962,1.0
77,1625.0,-202.91504878517162,-30.735806488184608,1.0
78,1625.0,-203.6364536141382,-30.401101740745162,1.0
79,1625.0,-204.69524756150508,-30.00320244685463,1.0
80,1625.0,-205.61191342647862,-29.71530290853798,1.0
81,1625.0,-206.81180766775583,-29.384805302091536,1.0
82,1625.0,-210.40016019541326,-28.63816854366837,1.0
83,1625.0,-211.1745689002396,-28.484055000628814,1.0
84,1625.0,-214.16259939270776,-27.93355254392486,1.0
85,1625.0,-216.36643481869078,-27.53495033209788,1.0
86,1625.0,-216.55368304713534,-27.504528428701633,1.0
87,1625.0,-218.90120629327043,-27.25573251107494,1.0
88,1625.0,-235.17529282340024,-25.568530382450263,1.0
89,1625.0,-235.68970976253308,-25.538258575197915,0.0
90,1617.0,-1.806195472498075,-375.8862981586924,1.0
91,1617.0,-1.8345290339900657,-374.9358632041301,1.0
92,1617.0,-2.1355187734075116,-371.53331702096193,1.0
93,1617.0,-2.866508355192991,-365.60353548799776,1.0
94,1617.0,-3.0584209062508307,-364.2796286317114,1.0
95,1617.0,-3.2289575831125603,-363.32331309348046,1.0
96,1617.0,-3.5256937087156075,-361.8537673613323,1.0
97,1617.0,-3.7047706921189274,-361.147589331438,1.0
98,1617.0,-3.8338360940413168,-360.8686373858161,1.0
99,1617.0,-4.239389287738959,-360.0512657776551,1.0
100,1617.0,-4.448207668601526,-359.70534897434595,1.0
101,1617.0,-4.689481217761113,-359.3196697506478,1.0
102,1617.0,-5.865958511657254,-357.59256729667413,1.0
103,1617.0,-6.0518689359219024,-357.35889904968076,1.0
104,1617.0,-6.234448863384387,-357.1384648921173,1.0
105,1617.0,-6.81483618997413,-356.47768025733103,1.0
106,1617.0,-7.424556835190515,-355.95767199587954,1.0
107,1617.0,-8.326277313053879,-355.37002363924444,1.0
108,1617.0,-8.695503565290437,-355.21500649950144,1.0
109,1617.0,-8.864469353640061,-355.1657755655183,1.0
110,1617.0,-11.400160195413264,-354.63816854366837,1.0
111,1617.0,-12.174568900239592,-354.4840550006288,1.0
112,1617.0,-15.162599392707762,-353.93355254392486,1.0
113,1617.0,-17.366434818690777,-353.5349503320979,1.0
114,1617.0,-17.553683047135337,-353.50452842870163,1.0
115,1617.0,-19.901206293270434,-353.25573251107494,1.0
116,1617.0,-22.396565213272197,-352.9966716090539,0.0
117,1592.0,60.193804527501925,-215.88629815869217,1.0
118,1592.0,60.165470966009934,-214.9358632041301,1.0
119,1592.0,59.86448122659249,-211.53331702096193,1.0
120,1592.0,59.13349164480701,-205.60353548799776,1.0
121,1592.0,58.94157909374917,-204.27962863171138,1.0
122,1592.0,58.77104241688744,-203.32331309348046,1.0
123,1592.0,58.47430629128439,-201.8537673613323,1.0
124,1592.0,58.29522930788107,-201.14758933143798,1.0
125,1592.0,58.16616390595868,-200.8686373858161,1.0
126,1592.0,57.76061071226104,-200.0512657776551,1.0
127,1592.0,57.551792331398474,-199.70534897434595,1.0
128,1592.0,57.31051878223889,-199.3196697506478,1.0
129,1592.0,56.134041488342746,-197.59256729667413,1.0
130,1592.0,55.9481310640781,-197.35889904968076,1.0
131,1592.0,55.76555113661561,-197.13846489211733,1.0
132,1592.0,55.18516381002587,-196.47768025733103,1.0
133,1592.0,54.575443164809485,-195.95767199587954,1.0
134,1592.0,53.67372268694612,-195.37002363924444,1.0
135,1592.0,53.30449643470956,-195.21500649950144,1.0
136,1592.0,53.13553064635994,-195.1657755655183,1.0
137,1592.0,50.599839804586736,-194.63816854366837,1.0
138,1592.0,49.82543109976041,-194.4840550006288,1.0
139,1592.0,46.83740060729224,-193.93355254392486,1.0
140,1592.0,44.63356518130922,-193.53495033209788,1.0
141,1592.0,44.44631695286466,-193.50452842870163,1.0
142,1592.0,41.33464200064418,-193.17625194523134,1.0
143,1592.0,26.505175618715384,-191.6392793375344,1.0
144,1592.0,25.931564204189726,-191.59039470155267,0.0
145,1580.0,-178.13103294884627,125.22773690581448,1.0
146,1580.0,-178.1996749180646,125.72413074143947,1.0
147,1580.0,-178.33877661666565,126.62219948623283,1.0
148,1580.0,-178.42582201360142,127.04889448907647,1.0
149,1580.0,-179.06486251940214,129.93512740296046,1.0
150,1580.0,-179.2459708235915,130.58990657264326,1.0
151,1580.0,-179.29621266801496,130.74126209093902,1.0
152,1580.0,-179.44918228489496,131.02114937576675,1.0
153,1580.0,-180.36322053954314,132.3328018241143,1.0
154,1580.0,-180.74570606258226,132.61998026691526,1.0
155,1580.0,-181.3473041962784,132.96969556241038,1.0
156,1580.0,-181.91504878517162,133.2641935118154,1.0
157,1580.0,-182.6364536141382,133.59889825925484,1.0
158,1580.0,-183.69524756150508,133.99679755314537,1.0
159,1580.0,-184.61191342647862,134.28469709146202,1.0
160,1580.0,-185.81180766775583,134.61519469790846,1.0
161,1580.0,-189.40016019541326,135.36183145633163,1.0
162,1580.0,-190.1745689002396,135.5159449993712,1.0
163,1580.0,-193.16259939270776,136.06644745607514,1.0
164,1580.0,-195.36643481869078,136.46504966790212,1.0
165,1580.0,-195.55368304713534,136.49547157129837,1.0
166,1580.0,-198.66535799935582,136.82374805476866,1.0
167,1580.0,-214.17529282340024,138.43146961754974,1.0
168,1580.0,-214.68970976253308,138.46174142480209,0.0
169,1553.0,32.28195779923817,-21.67081303038458,1.0
170,1553.0,32.27992233078817,-21.419428545028723,1.0
171,1553.0,32.14152740860072,-18.116914391738874,1.0
172,1553.0,32.03344618499409,-16.217910679621127,1.0
173,1553.0,31.94063927648608,-15.353564901128038,1.0
174,1553.0,31.89622370690563,-14.969373346832754,1.0
175,1553.0,31.800325081935398,-14.275869258560533,1.0
176,1553.0,31.661223383334345,-13.37780051376717,1.0
177,1553.0,31.57417798639858,-12.951105510923526,1.0
178,1553.0,30.93513748059786,-10.064872597039539,1.0
179,1553.0,30.754029176408494,-9.410093427356742,1.0
180,1553.0,30.70378733198504,-9.258737909060983,1.0
181,1553.0,30.55081771510504,-8.978850624233246,1.0
182,1553.0,29.636779460456864,-7.667198175885687,1.0
183,1553.0,29.254293937417742,-7.380019733084737,1.0
184,1553.0,28.6526958037216,-7.030304437589621,1.0
185,1553.0,28.08495121482838,-6.735806488184608,1.0
186,1553.0,27.36354638586181,-6.401101740745162,1.0
187,1553.0,26.304752438494916,-6.00320244685463,1.0
188,1553.0,25.388086573521377,-5.7153029085379785,1.0
189,1553.0,24.18819233224417,-5.384805302091536,1.0
190,1553.0,20.599839804586736,-4.638168543668371,1.0
191,1553.0,19.825431099760408,-4.484055000628814,1.0
192,1553.0,16.83740060729224,-3.9335525439248613,1.0
193,1553.0,14.633565181309223,-3.5349503320978783,1.0
194,1553.0,14.446316952864663,-3.504528428701633,1.0
195,1553.0,12.098793706729566,-3.255732511074939,1.0
196,1553.0,0.2491449638348513,-2.026468938297967,0.0
197,1548.0,365.1938045275026,-405.8862981586924,1.0
198,1548.0,365.16547096600993,-404.9358632041301,1.0
199,1548.0,364.8644812265927,-401.53331702096193,1.0
200,1548.0,364.133491644807,-395.60353548799776,1.0
201,1548.0,363.94157909374803,-394.2796286317114,1.0
202,1548.0,363.77104241688744,-393.32331309348046,1.0
203,1548.0,363.4743062912837,-391.8537673613323,1.0
204,1548.0,363.2952293078804,-391.147589331438,1.0
205,1548.0,363.1661639059587,-390.8686373858161,1.0
206,1548.0,362.76061071226127,-390.0512657776551,1.0
207,1548.0,362.551792331398,-389.70534897434595,1.0
208,1548.0,362.31051878224,-389.3196697506478,1.0
209,1548.0,361.13404148834275,-387.59256729667413,1.0
210,1548.0,360.94813106407787,-387.35889904968076,1.0
211,1548.0,360.7655511366154,-387.1384648921173,1.0
212,1548.0,360.18516381002587,-386.47768025733103,1.0
213,1548.0,359.57544316480903,-385.95767199587954,1.0
214,1548.0,358.6737226869466,-385.37002363924444,1.0
215,1548.0,358.3044964347098,-385.21500649950144,1.0
216,1548.0,358.13553064636085,-385.1657755655183,1.0
217,1548.0,355.59983980458696,-384.63816854366837,1.0
218,1548.0,354.82543109975927,-384.4840550006288,1.0
219,1548.0,351.83740060729247,-383.93355254392486,1.0
220,1548.0,349.633565181309,-383.5349503320979,1.0
221,1548.0,349.44631695286466,-383.50452842870163,1.0
222,1548.0,346.33464200064304,-383.17625194523134,1.0
223,1548.0,331.5051756187156,-381.6392793375344,1.0
224,1548.0,330.93156420418995,-381.59039470155267,0.0
225,1523.0,354.35086914885346,-266.4296128331757,1.0
226,1523.0,354.18819233224417,-266.38480530209154,1.0
227,1523.0,350.59983980458696,-265.63816854366837,1.0
228,1523.0,349.82543109975927,-265.4840550006288,1.0
229,1523.0,346.83740060729247,-264.93355254392486,1.0
230,1523.0,344.633565181309,-264.5349503320979,1.0
231,1523.0,344.44631695286466,-264.50452842870163,1.0
232,1523.0,341.33464200064304,-264.17625194523134,1.0
233,1523.0,325.82470717659976,-262.56853038245026,1.0
234,1523.0,325.31029023746646,-262.5382585751979,0.0
235,1502.0,274.85702258806054,-135.47226309418556,1.0
236,1502.0,274.133491644807,-129.60353548799776,1.0
237,1502.0,273.94157909374803,-128.27962863171138,1.0
238,1502.0,273.77104241688744,-127.32331309348046,1.0
239,1502.0,273.4743062912837,-125.8537673613323,1.0
240,1502.0,273.2952293078804,-125.14758933143798,1.0
241,1502.0,273.1661639059587,-124.8686373858161,1.0
242,1502.0,272.76061071226127,-124.05126577765509,1.0
243,1502.0,272.551792331398,-123.70534897434595,1.0
244,1502.0,272.31051878224,-123.31966975064779,1.0
245,1502.0,271.13404148834275,-121.59256729667413,1.0
246,1502.0,270.94813106407787,-121.35889904968076,1.0
247,1502.0,270.7655511366154,-121.13846489211733,1.0
248,1502.0,270.18516381002587,-120.47768025733103,1.0
249,1502.0,269.57544316480903,-119.95767199587954,1.0
250,1502.0,268.6737226869466,-119.37002363924444,1.0
251,1502.0,268.3044964347098,-119.21500649950144,1.0
252,1502.0,268.13553064636085,-119.16577556551829,1.0
253,1502.0,265.59983980458696,-118.63816854366837,1.0
254,1502.0,264.82543109975927,-118.48405500062881,1.0
255,1502.0,262.40646618781807,-118.03839484754076,0.0
256,1498.0,32.28195779923817,205.32918696961542,1.0
257,1498.0,32.27992233078817,205.58057145497128,1.0
258,1498.0,32.14152740860072,208.88308560826113,1.0
259,1498.0,32.03344618499409,210.78208932037887,1.0
260,1498.0,31.94063927648608,211.64643509887196,1.0
261,1498.0,31.89622370690563,212.03062665316725,1.0
262,1498.0,31.800325081935398,212.72413074143947,1.0
263,1498.0,31.661223383334345,213.62219948623283,1.0
264,1498.0,31.57417798639858,214.04889448907647,1.0
265,1498.0,30.93513748059786,216.93512740296046,1.0
266,1498.0,30.754029176408494,217.58990657264326,1.0
267,1498.0,30.70378733198504,217.74126209093902,1.0
268,1498.0,30.55081771510504,218.02114937576675,1.0
269,1498.0,29.636779460456864,219.3328018241143,1.0
270,1498.0,29.254293937417742,219.61998026691526,1.0
271,1498.0,28.6526958037216,219.96969556241038,1.0
272,1498.0,28.08495121482838,220.2641935118154,1.0
273,1498.0,27.36354638586181,220.59889825925484,1.0
274,1498.0,26.304752438494916,220.99679755314537,1.0
275,1498.0,25.388086573521377,221.28469709146202,1.0
276,1498.0,24.18819233224417,221.61519469790846,1.0
277,1498.0,20.599839804586736,222.36183145633163,1.0
278,1498.0,19.825431099760408,222.5159449993712,1.0
279,1498.0,16.83740060729224,223.06644745607514,1.0
280,1498.0,14.633565181309223,223.46504966790212,1.0
281,1498.0,14.446316952864663,223.49547157129837,1.0
282,1498.0,12.098793706729566,223.74426748892506,1.0
283,1498.0,0.2491449638348513,224.97353106170203,0.0
284,1457.0,296.1938045275026,24.11370184130783,1.0
285,1457.0,296.16547096600993,25.0641367958699,1.0
286,1457.0,295.8644812265927,28.46668297903807,1.0
287,1457.0,295.133491644807,34.39646451200224,1.0
288,1457.0,294.94157909374803,35.720371368288625,1.0
289,1457.0,294.77104241688744,36.676686906519535,1.0
290,1457.0,294.4743062912837,38.1462326386677,1.0
291,1457.0,294.2952293078804,38.852410668562015,1.0
292,1457.0,294.1661639059587,39.1313626141839,1.0
293,1457.0,293.76061071226127,39.94873422234491,1.0
294,1457.0,293.551792331398,40.29465102565405,1.0
295,1457.0,293.31051878224,40.68033024935221,1.0
296,1457.0,292.13404148834275,42.40743270332587,1.0
297,1457.0,291.94813106407787,42.64110095031924,1.0
298,1457.0,291.7655511366154,42.86153510788267,1.0
299,1457.0,291.18516381002587,43.52231974266897,1.0
300,1457.0,290.57544316480903,44.04232800412046,1.0
301,1457.0,289.6737226869466,44.62997636075556,1.0
302,1457.0,289.3044964347098,44.78499350049856,1.0
303,1457.0,289.13553064636085,44.83422443448171,1.0
304,1457.0,286.59983980458696,45.36183145633163,1.0
305,1457.0,285.82543109975927,45.515944999371186,1.0
306,1457.0,282.83740060729247,46.06644745607514,1.0
307,1457.0,280.633565181309,46.46504966790212,1.0
308,1457.0,280.44631695286466,46.49547157129837,1.0
309,1457.0,277.33464200064304,46.82374805476866,1.0
310,1457.0,262.5051756187156,48.36072066246561,1.0
311,1457.0,261.93156420418995,48.40960529844733,0.0
312,1443.0,-189.65531643717122,400.7907055064045,1.0
313,1443.0,-192.83271499298394,401.4423433243933,1.0
314,1443.0,-194.2944349626962,401.7222645199097,1.0
315,1443.0,-196.16259939270776,402.06644745607514,1.0
316,1443.0,-198.36643481869078,402.4650496679021,1.0
317,1443.0,-198.55368304713534,402.49547157129837,1.0
318,1443.0,-200.15697549120182,402.6653921953018,1.0
319,1443.0,-212.7799818967885,403.9744849345245,1.0
320,1443.0,-215.3722306811626,404.2134016826444,1.0
321,1443.0,-216.26868044515095,404.29252782193953,1.0
322,1443.0,-216.87971881019712,404.3361268856477,1.0
323,1443.0,-217.22040201895015,404.35455591959635,0.0
324,1430.0,688.4114858378259,-349.24909992577795,1.0
325,1430.0,688.4102145879554,-349.15859471249246,1.0
326,1430.0,688.2759123829676,-347.27352669561014,1.0
327,1430.0,687.8493799579494,-343.80288415476934,1.0
328,1430.0,687.6119286021733,-342.16482829958295,1.0
329,1430.0,687.4386546958619,-341.1469794388843,1.0
330,1430.0,687.2776380144298,-340.28559715360734,1.0
331,1430.0,687.1175479487949,-339.6112400362042,1.0
332,1430.0,687.0592502447942,-339.43226202585515,1.0
333,1430.0,686.8391207812576,-338.85117912092414,1.0
334,1430.0,686.6409139238679,-338.4565781787528,1.0
335,1430.0,686.3302502279578,-337.88060736122816,1.0
336,1430.0,686.1340414883427,-337.59256729667413,1.0
337,1430.0,685.9481310640779,-337.35889904968076,1.0
338,1430.0,685.7655511366154,-337.1384648921173,1.0
339,1430.0,685.1851638100259,-336.47768025733103,1.0
340,1430.0,684.786166749335,-336.13739037296887,1.0
341,1430.0,684.717709245637,-336.10179211465174,1.0
342,1430.0,684.4573780003573,-335.9920170039586,1.0
343,1430.0,682.4348944593823,-335.2074703578239,1.0
344,1430.0,682.1343402175678,-335.1043105507472,1.0
345,1430.0,681.7711030084231,-334.9903943457857,1.0
346,1430.0,680.8531586120678,-334.7699248941633,1.0
347,1430.0,677.7466567396243,-334.1213737122498,1.0
348,1430.0,676.8368266988075,-333.93776080349653,1.0
349,1430.0,676.4061558831852,-333.8555543872378,1.0
350,1430.0,674.633565181309,-333.5349503320979,1.0
351,1430.0,674.4463169528647,-333.50452842870163,1.0
352,1430.0,668.8818001370225,-332.92608883221214,1.0
353,1430.0,656.6104193860867,-331.72929718327237,1.0
354,1430.0,656.1372082868368,-331.7115132696133,0.0
355,1422.0,272.2819577992375,210.32918696961542,1.0
356,1422.0,272.2799223307886,210.58057145497128,1.0
357,1422.0,272.1415274086014,213.88308560826113,1.0
358,1422.0,272.03344618499455,215.78208932037887,1.0
359,1422.0,271.8962237069047,217.03062665316725,1.0
360,1422.0,271.80032508193585,217.72413074143947,1.0
361,1422.0,271.661223383335,218.62219948623283,1.0
362,1422.0,271.5741779863977,219.04889448907647,1.0
363,1422.0,270.9351374805981,221.93512740296046,1.0
364,1422.0,270.75402917640827,222.58990657264326,1.0
365,1422.0,270.7037873319857,222.74126209093902,1.0
366,1422.0,270.6665895324711,222.81376873710224,1.0
367,1422.0,270.55081771510527,223.02114937576675,1.0
368,1422.0,269.63677946045595,224.3328018241143,1.0
369,1422.0,269.25429393741774,224.61998026691526,1.0
370,1422.0,268.6526958037223,224.96969556241038,1.0
371,1422.0,268.08495121482815,225.2641935118154,1.0
372,1422.0,267.3635463858616,225.59889825925484,1.0
373,1422.0,266.30475243849537,225.99679755314537,1.0
374,1422.0,265.3880865735216,226.28469709146202,1.0
375,1422.0,264.18819233224417,226.61519469790846,1.0
376,1422.0,260.59983980458696,227.36183145633163,1.0
377,1422.0,259.82543109975927,227.5159449993712,1.0
378,1422.0,256.83740060729247,228.06644745607514,1.0
379,1422.0,254.633565181309,228.46504966790212,1.0
380,1422.0,254.44631695286466,228.49547157129837,1.0
381,1422.0,252.09879370672957,228.74426748892506,1.0
382,1422.0,235.82470717659976,230.43146961754974,1.0
383,1422.0,235.31029023746646,230.46174142480209,0.0
384,1405.0,537.8703844917661,-134.39751215295814,1.0
385,1405.0,537.784981518713,-130.98059454091026,1.0
386,1405.0,537.2219560875349,-125.41487982481408,1.0
387,1405.0,537.1308448856723,-124.56170897637026,1.0
388,1405.0,537.0518917561174,-123.92336261783589,1.0
389,1405.0,536.7541331008495,-122.22926688989355,1.0
390,1405.0,536.5192806570642,-121.11480402510074,1.0
391,1405.0,536.4574060106168,-120.84642163572062,1.0
392,1405.0,536.4394579284742,-120.79038329892,1.0
393,1405.0,536.2997446078209,-120.52888826437129,1.0
394,1405.0,536.0529267972986,-120.31019247986956,1.0
395,1405.0,535.8536384680785,-120.19274302000099,1.0
396,1405.0,535.345473141497,-119.97402391650303,1.0
397,1405.0,532.9083753848447,-119.05644794515592,1.0
398,1405.0,530.1343402175678,-118.10431055074719,1.0
399,1405.0,529.7711030084231,-117.99039434578572,1.0
400,1405.0,528.8531586120678,-117.7699248941633,1.0
401,1405.0,525.7466567396243,-117.1213737122498,1.0
402,1405.0,524.8368266988075,-116.93776080349653,1.0
403,1405.0,524.4061558831852,-116.85555438723782,1.0
404,1405.0,522.633565181309,-116.53495033209788,1.0
405,1405.0,522.4463169528647,-116.50452842870163,1.0
406,1405.0,522.0064661878184,-116.457912032085,0.0
407,1381.0,536.1938045275026,29.11370184130783,1.0
408,1381.0,536.1654709660099,30.0641367958699,1.0
409,1381.0,535.8644812265927,33.46668297903807,1.0
410,1381.0,535.133491644807,39.39646451200224,1.0
411,1381.0,534.941579093748,40.720371368288625,1.0
412,1381.0,534.7710424168874,41.676686906519535,1.0
413,1381.0,534.4743062912837,43.1462326386677,1.0
414,1381.0,534.2952293078804,43.852410668562015,1.0
415,1381.0,534.1661639059587,44.1313626141839,1.0
416,1381.0,533.7606107122613,44.94873422234491,1.0
417,1381.0,533.551792331398,45.29465102565405,1.0
418,1381.0,533.31051878224,45.68033024935221,1.0
419,1381.0,532.1340414883427,47.40743270332587,1.0
420,1381.0,531.7655511366154,47.86153510788267,1.0
421,1381.0,531.1851638100259,48.52231974266897,1.0
422,1381.0,530.575443164809,49.04232800412046,1.0
423,1381.0,529.6737226869466,49.62997636075556,1.0
424,1381.0,529.3044964347098,49.78499350049856,1.0
425,1381.0,529.1355306463608,49.83422443448171,1.0
426,1381.0,526.599839804587,50.36183145633163,1.0
427,1381.0,525.8254310997593,50.515944999371186,1.0
428,1381.0,522.8374006072925,51.06644745607514,1.0
429,1381.0,522.0064661878184,51.21673649017498,0.0
430,1371.0,50.28195779923817,408.3291869696154,1.0
431,1371.0,50.27992233078817,408.5805714549713,1.0
432,1371.0,50.14152740860072,411.8830856082611,1.0
433,1371.0,50.03344618499409,413.7820893203789,1.0
434,1371.0,49.89622370690563,415.03062665316725,1.0
435,1371.0,49.85036460113315,415.362263080151,1.0
436,1371.0,49.58594670802472,416.9912044229179,1.0
437,1371.0,48.93513748059786,419.93512740296046,1.0
438,1371.0,48.754029176408494,420.58990657264326,1.0
439,1371.0,48.70378733198504,420.741262090939,1.0
440,1371.0,48.666589532471335,420.81376873710224,1.0
441,1371.0,48.55081771510504,421.02114937576675,1.0
442,1371.0,47.636779460456864,422.3328018241143,1.0
443,1371.0,47.25429393741774,422.61998026691526,1.0
444,1371.0,46.6526958037216,422.9696955624104,1.0
445,1371.0,46.08495121482838,423.2641935118154,1.0
446,1371.0,45.36354638586181,423.59889825925484,1.0
447,1371.0,44.304752438494916,423.99679755314537,1.0
448,1371.0,43.38808657352138,424.284697091462,1.0
449,1371.0,42.18819233224417,424.61519469790846,1.0
450,1371.0,38.16728500701606,425.4423433243933,1.0
451,1371.0,36.70556503730381,425.7222645199097,1.0
452,1371.0,34.83740060729224,426.06644745607514,1.0
453,1371.0,32.63356518130922,426.4650496679021,1.0
454,1371.0,32.44631695286466,426.49547157129837,1.0
455,1371.0,30.84302450879818,426.6653921953018,1.0
456,1371.0,18.220018103211487,427.9744849345245,1.0
457,1371.0,15.627769318837409,428.2134016826444,1.0
458,1371.0,14.731319554849051,428.29252782193953,1.0
459,1371.0,14.120281189802881,428.3361268856477,1.0
460,1371.0,13.779597981049847,428.35455591959635,0.0
461,1331.0,518.337796113952,210.08437096589364,1.0
462,1331.0,518.3337814572176,210.2953326289728,1.0
463,1331.0,518.1415274086014,214.88308560826113,1.0
464,1331.0,518.0334461849945,216.78208932037887,1.0
465,1331.0,517.8962237069047,218.03062665316725,1.0
466,1331.0,517.8003250819359,218.72413074143947,1.0
467,1331.0,517.661223383335,219.62219948623283,1.0
468,1331.0,517.5741779863977,220.04889448907647,1.0
469,1331.0,516.9351374805981,222.93512740296046,1.0
470,1331.0,516.7540291764083,223.58990657264326,1.0
471,1331.0,516.7037873319857,223.74126209093902,1.0
472,1331.0,516.5508177151053,224.02114937576675,1.0
473,1331.0,515.636779460456,225.3328018241143,1.0
474,1331.0,515.2542939374177,225.61998026691526,1.0
475,1331.0,514.6526958037223,225.96969556241038,1.0
476,1331.0,514.0849512148282,226.2641935118154,1.0
477,1331.0,513.3635463858616,226.59889825925484,1.0
478,1331.0,512.3047524384954,226.99679755314537,1.0
479,1331.0,511.3880865735216,227.28469709146202,1.0
480,1331.0,510.18819233224417,227.61519469790846,1.0
481,1331.0,506.59983980458696,228.36183145633163,1.0
482,1331.0,505.82543109975927,228.5159449993712,1.0
483,1331.0,502.83740060729247,229.06644745607514,1.0
484,1331.0,500.633565181309,229.46504966790212,1.0
485,1331.0,500.44631695286466,229.49547157129837,1.0
486,1331.0,498.09879370672957,229.74426748892506,1.0
487,1331.0,495.7034347867268,229.9929552631811,0.0
488,1315.0,-589.7554433829812,624.7379374459501,1.0
489,1315.0,-589.7570014919966,625.1646685456667,1.0
490,1315.0,-589.9217411568177,629.0958465547933,1.0
491,1315.0,-589.9583647833122,629.7393293017817,1.0
492,1315.0,-589.989812665191,630.0322152989734,1.0
493,1315.0,-590.1444367352212,631.3697026341042,1.0
494,1315.0,-590.1953324629719,631.8000783347561,1.0
495,1315.0,-590.3011631262038,632.5369977114678,1.0
496,1315.0,-590.4969502518948,633.7431405321008,1.0
497,1315.0,-590.7153980634187,634.929661590375,1.0
498,1315.0,-590.929345246212,636.0048116930952,1.0
499,1315.0,-591.2395255482074,637.4072081686622,1.0
500,1315.0,-591.3372213569194,637.7604177069893,1.0
501,1315.0,-591.3526032999089,637.8067564109192,1.0
502,1315.0,-591.427928483685,637.9456163629011,1.0
503,1315.0,-592.4290412338039,639.3822214317684,1.0
504,1315.0,-592.7457060625823,639.6199802669153,1.0
505,1315.0,-593.3473041962784,639.9696955624108,1.0
506,1315.0,-593.9150487851716,640.2641935118154,1.0
507,1315.0,-594.6364536141382,640.5988982592544,1.0
508,1315.0,-595.6952475615051,640.9967975531458,1.0
509,1315.0,-596.6119134264786,641.2846970914629,1.0
510,1315.0,-597.8118076677558,641.615194697908,1.0
511,1315.0,-601.8327149929839,642.4423433243928,1.0
512,1315.0,-603.2944349626962,642.7222645199104,1.0
513,1315.0,-605.1625993927078,643.0664474560754,1.0
514,1315.0,-607.3664348186908,643.4650496679014,1.0
515,1315.0,-607.5536830471353,643.4954715712984,1.0
516,1315.0,-609.1569754912018,643.665392195302,1.0
517,1315.0,-621.7799818967885,644.9744849345238,1.0
518,1315.0,-624.3722306811626,645.2134016826449,1.0
519,1315.0,-625.268680445151,645.29252782194,1.0
520,1315.0,-625.8797188101971,645.3361268856474,1.0
521,1315.0,-626.2204020189502,645.3545559195968,0.0
522,1313.0,-393.7554433829812,625.7379374459501,1.0
523,1313.0,-393.75700149199656,626.1646685456667,1.0
524,1313.0,-393.9217411568177,630.0958465547933,1.0
525,1313.0,-393.95836478331216,630.7393293017817,1.0
526,1313.0,-393.98981266519104,631.0322152989734,1.0
527,1313.0,-394.14443673522123,632.3697026341042,1.0
528,1313.0,-394.1953324629719,632.8000783347561,1.0
529,1313.0,-394.30116312620385,633.5369977114678,1.0
530,1313.0,-394.49695025189476,634.7431405321008,1.0
531,1313.0,-394.71539806341866,635.929661590375,1.0
532,1313.0,-394.92934524621205,637.0048116930952,1.0
533,1313.0,-395.23952554820744,638.4072081686622,1.0
534,1313.0,-395.3372213569194,638.7604177069893,1.0
535,1313.0,-395.3526032999089,638.8067564109192,1.0
536,1313.0,-395.42792848368504,638.9456163629011,1.0
537,1313.0,-396.4290412338039,640.3822214317684,1.0
538,1313.0,-396.74570606258226,640.6199802669153,1.0
539,1313.0,-397.3473041962784,640.9696955624108,1.0
540,1313.0,-397.9150487851716,641.2641935118154,1.0
541,1313.0,-398.6364536141382,641.5988982592544,1.0
542,1313.0,-399.6952475615051,641.9967975531458,1.0
543,1313.0,-400.6119134264786,642.2846970914629,1.0
544,1313.0,-401.81180766775583,642.615194697908,1.0
545,1313.0,-405.83271499298394,643.4423433243928,1.0
546,1313.0,-407.2944349626962,643.7222645199104,1.0
547,1313.0,-409.16259939270776,644.0664474560754,1.0
548,1313.0,-411.3664348186908,644.4650496679014,1.0
549,1313.0,-411.55368304713534,644.4954715712984,1.0
550,1313.0,-413.1569754912018,644.665392195302,1.0
551,1313.0,-425.7799818967885,645.9744849345238,1.0
552,1313.0,-428.3722306811626,646.2134016826449,1.0
553,1313.0,-429.26868044515095,646.29252782194,1.0
554,1313.0,-429.8797188101971,646.3361268856474,1.0
555,1313.0,-430.22040201895015,646.3545559195968,0.0
556,1308.0,298.2819577992375,411.3291869696154,1.0
557,1308.0,298.2799223307886,411.5805714549713,1.0
558,1308.0,298.1415274086014,414.8830856082611,1.0
559,1308.0,298.03344618499455,416.7820893203789,1.0
560,1308.0,297.8962237069047,418.03062665316725,1.0
561,1308.0,297.85036460113383,418.362263080151,1.0
562,1308.0,297.5859467080252,419.9912044229179,1.0
563,1308.0,296.9351374805981,422.93512740296046,1.0
564,1308.0,296.75402917640827,423.58990657264326,1.0
565,1308.0,296.7037873319857,423.741262090939,1.0
566,1308.0,296.6665895324711,423.81376873710224,1.0
567,1308.0,296.55081771510527,424.02114937576675,1.0
568,1308.0,295.63677946045595,425.3328018241143,1.0
569,1308.0,295.25429393741774,425.61998026691526,1.0
570,1308.0,294.6526958037223,425.9696955624104,1.0
571,1308.0,294.08495121482815,426.2641935118154,1.0
572,1308.0,293.3635463858616,426.59889825925484,1.0
573,1308.0,292.30475243849537,426.99679755314537,1.0
574,1308.0,291.3880865735216,427.284697091462,1.0
575,1308.0,290.18819233224417,427.61519469790846,1.0
576,1308.0,286.1672850070156,428.4423433243933,1.0
577,1308.0,284.7055650373038,428.7222645199097,1.0
578,1308.0,282.83740060729247,429.06644745607514,1.0
579,1308.0,280.633565181309,429.4650496679021,1.0
580,1308.0,280.44631695286466,429.49547157129837,1.0
581,1308.0,278.8430245087977,429.6653921953018,1.0
582,1308.0,266.22001810321194,430.9744849345245,1.0
583,1308.0,263.62776931883786,431.2134016826444,1.0
584,1308.0,262.73131955484837,431.29252782193953,1.0
585,1308.0,262.12028118980265,431.3361268856477,1.0
586,1308.0,261.7795979810501,431.35455591959635,0.0
587,1275.0,792.4114858378259,-150.24909992577795,1.0
588,1275.0,792.4102145879554,-150.15859471249246,1.0
589,1275.0,792.3648341179412,-149.52163366913032,1.0
590,1275.0,791.9466333253833,-146.02255879928748,1.0
591,1275.0,791.5956145883149,-143.16858316435946,1.0
592,1275.0,791.4093465164849,-141.9943070388665,1.0
593,1275.0,791.2776380144298,-141.28559715360734,1.0
594,1275.0,791.1175479487949,-140.6112400362042,1.0
595,1275.0,791.0592502447942,-140.43226202585515,1.0
596,1275.0,790.8391207812576,-139.85117912092414,1.0
597,1275.0,790.6409139238679,-139.4565781787528,1.0
598,1275.0,790.3302502279578,-138.88060736122816,1.0
599,1275.0,790.1340414883427,-138.59256729667413,1.0
600,1275.0,789.7655511366154,-138.13846489211733,1.0
601,1275.0,789.1851638100259,-137.47768025733103,1.0
602,1275.0,788.786166749335,-137.13739037296887,1.0
603,1275.0,788.717709245637,-137.10179211465174,1.0
604,1275.0,788.4573780003573,-136.9920170039586,1.0
605,1275.0,787.8507041485084,-136.7566806335392,0.0
606,1266.0,-199.99878432867308,627.8098328500882,1.0
607,1266.0,-200.36322053954314,628.3328018241136,1.0
608,1266.0,-200.74570606258226,628.6199802669153,1.0
609,1266.0,-201.3473041962784,628.9696955624108,1.0
610,1266.0,-201.91504878517162,629.2641935118154,1.0
611,1266.0,-202.6364536141382,629.5988982592544,1.0
612,1266.0,-203.69524756150508,629.9967975531458,1.0
613,1266.0,-204.61191342647862,630.2846970914629,1.0
614,1266.0,-205.81180766775583,630.615194697908,1.0
615,1266.0,-209.83271499298394,631.4423433243928,1.0
616,1266.0,-211.2944349626962,631.7222645199104,1.0
617,1266.0,-213.16259939270776,632.0664474560754,1.0
618,1266.0,-215.36643481869078,632.4650496679014,1.0
619,1266.0,-215.55368304713534,632.4954715712984,1.0
620,1266.0,-217.15697549120182,632.665392195302,1.0
621,1266.0,-229.7799818967885,633.9744849345238,1.0
622,1266.0,-232.3722306811626,634.2134016826449,1.0
623,1266.0,-233.26868044515095,634.29252782194,1.0
624,1266.0,-233.87971881019712,634.3361268856474,1.0
625,1266.0,-234.22040201895015,634.3545559195968,0.0
626,1235.0,-15.718042200761829,666.329186969615,1.0
627,1235.0,-15.720077669211832,666.5805714549715,1.0
628,1235.0,-15.858472591399277,669.8830856082618,1.0
629,1235.0,-15.96655381500591,671.7820893203784,1.0
630,1235.0,-16.05936072351392,672.6464350988713,1.0
631,1235.0,-16.10377629309437,673.030626653167,1.0
632,1235.0,-16.14963539886685,673.3622630801506,1.0
633,1235.0,-16.41405329197528,674.9912044229181,1.0
634,1235.0,-16.42582201360142,675.0488944890767,1.0
635,1235.0,-17.06486251940214,677.93512740296,1.0
636,1235.0,-17.245970823591506,678.5899065726435,1.0
637,1235.0,-17.29621266801496,678.741262090939,1.0
638,1235.0,-17.44918228489496,679.0211493757665,1.0
639,1235.0,-18.363220539543136,680.3328018241136,1.0
640,1235.0,-18.745706062582258,680.6199802669153,1.0
641,1235.0,-19.3473041962784,680.9696955624108,1.0
642,1235.0,-19.91504878517162,681.2641935118154,1.0
643,1235.0,-20.63645361413819,681.5988982592544,1.0
644,1235.0,-21.695247561505084,681.9967975531458,1.0
645,1235.0,-22.611913426478623,682.2846970914629,1.0
646,1235.0,-23.805381553974712,682.613424695895,0.0
647,1199.0,823.8876133940951,2.8874726416390786,1.0
648,1199.0,823.8493799579494,3.1971158452306554,1.0
649,1199.0,823.6119286021733,4.83517170041705,1.0
650,1199.0,823.4386546958619,5.853020561115727,1.0
651,1199.0,823.2776380144298,6.714402846392659,1.0
652,1199.0,823.1175479487949,7.388759963795792,1.0
653,1199.0,823.0592502447942,7.567737974144848,1.0
654,1199.0,822.8391207812576,8.148820879075856,1.0
655,1199.0,822.6409139238679,8.543421821247193,1.0
656,1199.0,822.3302502279578,9.119392638771842,1.0
657,1199.0,822.1340414883427,9.407432703325867,1.0
658,1199.0,821.7655511366154,9.861535107882673,1.0
659,1199.0,821.1851638100259,10.52231974266897,1.0
660,1199.0,820.786166749335,10.862609627031134,1.0
661,1199.0,820.717709245637,10.898207885348256,1.0
662,1199.0,820.4573780003573,11.007982996041392,1.0
663,1199.0,818.4348944593823,11.792529642176078,1.0
664,1199.0,818.1343402175678,11.895689449252814,1.0
665,1199.0,817.7711030084231,12.009605654214283,1.0
666,1199.0,816.8531586120678,12.230075105836704,1.0
667,1199.0,813.7466567396243,12.878626287750194,1.0
668,1199.0,812.8368266988075,13.06223919650347,1.0
669,1199.0,812.4061558831852,13.144445612762183,1.0
670,1199.0,810.633565181309,13.465049667902122,1.0
671,1199.0,810.4463169528647,13.495471571298367,1.0
672,1199.0,804.8818001370225,14.073911167787855,1.0
673,1199.0,803.4533220900751,14.213226427576274,0.0
674,1178.0,548.8801853216157,406.31207212803133,1.0
675,1178.0,548.1340414883427,407.40743270332587,1.0
676,1178.0,547.7655511366154,407.8615351078827,1.0
677,1178.0,547.1851638100259,408.52231974266897,1.0
678,1178.0,546.575443164809,409.04232800412046,1.0
679,1178.0,545.6737226869466,409.62997636075556,1.0
680,1178.0,545.3044964347098,409.78499350049856,1.0
681,1178.0,545.1355306463608,409.8342244344817,1.0
682,1178.0,542.599839804587,410.36183145633163,1.0
683,1178.0,541.8254310997593,410.5159449993712,1.0
684,1178.0,538.8374006072925,411.06644745607514,1.0
685,1178.0,536.633565181309,411.4650496679021,1.0
686,1178.0,536.4463169528647,411.49547157129837,1.0
687,1178.0,534.0987937067296,411.74426748892506,1.0
688,1178.0,524.3034347867272,412.7605667177945,0.0
689,1177.0,239.61538784743084,627.8098328500882,1.0
690,1177.0,239.57417798639767,628.0488944890767,1.0
691,1177.0,238.9351374805981,630.93512740296,1.0
692,1177.0,238.75402917640827,631.5899065726435,1.0
693,1177.0,238.70378733198572,631.741262090939,1.0
694,1177.0,238.55081771510527,632.0211493757665,1.0
695,1177.0,237.63677946045595,633.3328018241136,1.0
696,1177.0,237.25429393741774,633.6199802669153,1.0
697,1177.0,236.65269580372228,633.9696955624108,1.0
698,1177.0,236.08495121482815,634.2641935118154,1.0
699,1177.0,235.36354638586158,634.5988982592544,1.0
700,1177.0,234.30475243849537,634.9967975531458,1.0
701,1177.0,233.3880865735216,635.2846970914629,1.0
702,1177.0,232.18819233224417,635.615194697908,1.0
703,1177.0,228.1672850070156,636.4423433243928,1.0
704,1177.0,226.7055650373038,636.7222645199104,1.0
705,1177.0,224.83740060729247,637.0664474560754,1.0
706,1177.0,222.633565181309,637.4650496679014,1.0
707,1177.0,222.44631695286466,637.4954715712984,1.0
708,1177.0,220.84302450879773,637.665392195302,1.0
709,1177.0,208.22001810321194,638.9744849345238,1.0
710,1177.0,205.62776931883786,639.2134016826449,1.0
711,1177.0,204.73131955484837,639.29252782194,1.0
712,1177.0,204.12028118980265,639.3361268856474,1.0
713,1177.0,203.77959798105007,639.3545559195968,0.0
714,1116.0,836.9447931037973,207.0991270662364,1.0
715,1116.0,836.9257609372592,207.38409988398075,1.0
716,1116.0,836.6981164053307,210.21474406466382,1.0
717,1116.0,836.5717871877948,211.41351073991723,1.0
718,1116.0,836.5348094689314,211.67872487817135,1.0
719,1116.0,836.4845328768363,211.9246442730589,1.0
720,1116.0,835.5385617759582,215.88411848661212,1.0
721,1116.0,835.4639635056617,216.16782706650952,1.0
722,1116.0,835.204910099176,216.70212987883087,1.0
723,1116.0,835.1384414896208,216.76646376775716,1.0
724,1116.0,834.7472530131106,216.93131652117472,1.0
725,1116.0,833.4429275788082,217.4168447712525,1.0
726,1116.0,829.1343402175678,218.8956894492528,1.0
727,1116.0,828.7711030084231,219.00960565421428,1.0
728,1116.0,827.8531586120678,219.2300751058367,1.0
729,1116.0,824.7466567396243,219.8786262877502,1.0
730,1116.0,823.8368266988075,220.06223919650347,1.0
731,1116.0,823.4061558831852,220.14444561276218,1.0
732,1116.0,821.633565181309,220.46504966790212,1.0
733,1116.0,821.4463169528647,220.49547157129837,1.0
734,1116.0,820.7994098242132,220.5640322779741,1.0
735,1116.0,815.8818001370225,221.07391116778786,1.0
736,1116.0,803.6104193860867,222.27070281672763,1.0
737,1116.0,803.1372082868368,222.28848673038692,0.0
738,1084.0,-444.97130560436494,904.1945885040168,1.0
739,1084.0,-445.23952554820744,905.4072081686622,1.0
740,1084.0,-445.3372213569194,905.7604177069893,1.0
741,1084.0,-445.3526032999089,905.8067564109192,1.0
742,1084.0,-445.42792848368504,905.9456163629011,1.0
743,1084.0,-446.4290412338039,907.3822214317684,1.0
744,1084.0,-446.74570606258226,907.6199802669153,1.0
745,1084.0,-447.3473041962784,907.9696955624108,1.0
746,1084.0,-447.9150487851716,908.2641935118154,1.0
747,1084.0,-448.6364536141382,908.5988982592544,1.0
748,1084.0,-449.6952475615051,908.9967975531458,1.0
749,1084.0,-450.6119134264786,909.2846970914629,1.0
750,1084.0,-451.81180766775583,909.615194697908,1.0
751,1084.0,-455.83271499298394,910.4423433243928,1.0
752,1084.0,-457.2944349626962,910.7222645199104,1.0
753,1084.0,-459.16259939270776,911.0664474560754,1.0
754,1084.0,-461.3664348186908,911.4650496679014,1.0
755,1084.0,-461.55368304713534,911.4954715712984,1.0
756,1084.0,-463.1569754912018,911.665392195302,1.0
757,1084.0,-475.7799818967885,912.9744849345238,1.0
758,1084.0,-478.3722306811626,913.2134016826449,1.0
759,1084.0,-479.26868044515095,913.29252782194,1.0
760,1084.0,-479.8797188101971,913.3361268856474,1.0
761,1084.0,-480.22040201895015,913.3545559195968,0.0
762,1066.0,553.2340320293545,607.356444728106,1.0
763,1066.0,552.633565181309,607.4650496679014,1.0
764,1066.0,552.4463169528647,607.4954715712984,1.0
765,1066.0,550.7118165163722,607.6792979203801,1.0
766,1066.0,539.0819740973996,608.8848665449809,1.0
767,1066.0,534.7126604833913,609.249782976196,1.0
768,1066.0,534.3050384952733,609.2574797777993,0.0
769,1046.0,-157.21212165315728,904.1945885040168,1.0
770,1046.0,-157.5523061988124,906.0108376102471,1.0
771,1046.0,-157.79841423152175,907.1839760255639,1.0
772,1046.0,-158.31478330755544,908.1021288482953,1.0
773,1046.0,-158.55365824219007,908.4364445805554,1.0
774,1046.0,-158.78282077905192,908.7415342718296,1.0
775,1046.0,-159.79274363565855,909.8878971147824,1.0
776,1046.0,-160.6217548537943,910.3698100178999,1.0
777,1046.0,-161.66023000646896,910.9084832328508,1.0
778,1046.0,-162.10977738589895,911.1031132130088,1.0
779,1046.0,-162.35277863671513,911.2033099806449,1.0
780,1046.0,-162.61191342647862,911.2846970914629,1.0
781,1046.0,-163.81180766775583,911.615194697908,1.0
782,1046.0,-167.83271499298394,912.4423433243928,1.0
783,1046.0,-169.2944349626962,912.7222645199104,1.0
784,1046.0,-171.16259939270776,913.0664474560754,1.0
785,1046.0,-173.36643481869078,913.4650496679014,1.0
786,1046.0,-173.55368304713534,913.4954715712984,1.0
787,1046.0,-175.15697549120182,913.665392195302,1.0
788,1046.0,-186.91802590260068,914.8848665449809,1.0
789,1046.0,-191.28733951660797,915.249782976196,1.0
790,1046.0,-191.69496150472673,915.2574797777993,0.0
791,996.0,1121.0602597406444,-602.7946010157657,1.0
792,996.0,1121.0268730155615,-598.0781428752597,1.0
793,996.0,1121.015896501436,-597.143221023907,1.0
794,996.0,1120.8945720642348,-589.2142152288101,1.0
795,996.0,1120.760441968391,-584.2271276959374,1.0
796,996.0,1120.7062650772348,-583.3160756615202,1.0
797,996.0,1120.538029317375,-581.823822989031,1.0
798,996.0,1120.3442677312016,-580.3089210959993,1.0
799,996.0,1120.207655482183,-579.5559188640597,1.0
800,996.0,1119.8012917200033,-577.7807310448404,1.0
801,996.0,1119.5989263489676,-576.9944501215433,1.0
802,996.0,1119.5213293237841,-576.7449690655292,1.0
803,996.0,1119.5048859788242,-576.7127077163642,1.0
804,996.0,1119.299368796939,-576.3789196806355,1.0
805,996.0,1119.1208769823581,-576.1034903032291,1.0
806,996.0,1119.053184999185,-576.0067228340233,1.0
807,996.0,1119.0171041615083,-575.9633909563332,1.0
808,996.0,1118.6182074284918,-575.638564727385,1.0
809,996.0,1117.9827666259528,-575.3904793142158,1.0
810,996.0,1116.8325536217428,-575.0111929203205,0.0
811,989.0,1120.411485837826,-385.24909992577795,1.0
812,989.0,1120.4102145879554,-385.15859471249246,1.0
813,989.0,1120.3648341179412,-384.5216336691303,1.0
814,989.0,1119.9466333253833,-381.0225587992875,1.0
815,989.0,1119.5444750448453,-377.73136188756644,1.0
816,989.0,1119.2134301906233,-375.1839819394627,1.0
817,989.0,1119.1481972466552,-374.7972006164464,1.0
818,989.0,1118.9237862809666,-373.6428324438857,1.0
819,989.0,1118.8756604829798,-373.4996879782839,1.0
820,989.0,1118.499339389771,-372.72143033761176,1.0
821,989.0,1118.0311938635625,-372.02337194285656,1.0
822,989.0,1117.5553879024217,-371.39335912014894,1.0
823,989.0,1117.274796408479,-371.13069611716105,1.0
824,989.0,1116.8325536217428,-370.7441478784285,0.0
825,977.0,210.23367023799824,867.3205142354977,1.0
826,977.0,210.22252272521268,868.6265350882582,1.0
827,977.0,210.01853052411866,872.1460904740643,1.0
828,977.0,209.836981156501,873.9064646993015,1.0
829,977.0,209.82228189452803,874.0066293890964,1.0
830,977.0,209.74422290304642,874.4330940980535,1.0
831,977.0,209.44769380118782,876.0108376102471,1.0
832,977.0,209.20158576847848,877.1839760255639,1.0
833,977.0,208.68521669244478,878.1021288482953,1.0
834,977.0,208.4463417578097,878.4364445805554,1.0
835,977.0,208.21717922094808,878.7415342718296,1.0
836,977.0,207.20725636434213,879.8878971147824,1.0
837,977.0,206.37824514620593,880.3698100178999,1.0
838,977.0,205.33976999353104,880.9084832328508,1.0
839,977.0,204.64722136328442,881.2033099806449,1.0
840,977.0,204.3880865735216,881.2846970914629,1.0
841,977.0,203.18819233224417,881.615194697908,1.0
842,977.0,199.1672850070156,882.4423433243928,1.0
843,977.0,197.7055650373038,882.7222645199104,1.0
844,977.0,195.83740060729247,883.0664474560754,1.0
845,977.0,193.633565181309,883.4650496679014,1.0
846,977.0,193.44631695286466,883.4954715712984,1.0
847,977.0,191.84302450879773,883.665392195302,1.0
848,977.0,180.08197409739955,884.8848665449809,1.0
849,977.0,178.90343478672753,884.9832958172397,0.0
850,973.0,827.4114858378259,414.75090007422205,1.0
851,973.0,827.4102145879554,414.84140528750754,1.0
852,973.0,827.3648341179412,415.4783663308697,1.0
853,973.0,826.9466333253833,418.9774412007125,1.0
854,973.0,826.5956145883149,421.83141683564054,1.0
855,973.0,826.4093465164849,423.0056929611335,1.0
856,973.0,826.2776380144298,423.71440284639266,1.0
857,973.0,826.1175479487949,424.3887599637958,1.0
858,973.0,826.0592502447942,424.56773797414485,1.0
859,973.0,825.8391207812576,425.14882087907586,1.0
860,973.0,825.6409139238679,425.5434218212472,1.0
861,973.0,825.3302502279578,426.11939263877184,1.0
862,973.0,825.1340414883427,426.40743270332587,1.0
863,973.0,824.9481310640779,426.64110095031924,1.0
864,973.0,824.7655511366154,426.8615351078827,1.0
865,973.0,824.1851638100259,427.52231974266897,1.0
866,973.0,823.786166749335,427.86260962703113,1.0
867,973.0,823.717709245637,427.89820788534826,1.0
868,973.0,823.4573780003573,428.0079829960414,1.0
869,973.0,821.4348944593823,428.7925296421761,1.0
870,973.0,821.1343402175678,428.8956894492528,1.0
871,973.0,820.7711030084231,429.0096056542143,1.0
872,973.0,819.8531586120678,429.2300751058367,1.0
873,973.0,816.7466567396243,429.8786262877502,1.0
874,973.0,815.8368266988075,430.06223919650347,1.0
875,973.0,815.4061558831852,430.1444456127622,1.0
876,973.0,813.633565181309,430.4650496679021,1.0
877,973.0,813.4463169528647,430.49547157129837,1.0
878,973.0,807.8818001370225,431.07391116778786,1.0
879,973.0,804.7507164398555,431.3792765457317,0.0
880,961.0,1119.3739725221296,-250.42444019974414,1.0
881,961.0,1119.3739497862337,-250.18777896284064,1.0
882,961.0,1119.3277262074046,-248.32317811182725,1.0
883,961.0,1119.3182258327795,-248.14458472290312,1.0
884,961.0,1118.9466333253833,-245.02255879928748,1.0
885,961.0,1118.5444750448453,-241.73136188756644,1.0
886,961.0,1118.2134301906233,-239.18398193946268,1.0
887,961.0,1118.1504691895996,-238.81002907519064,1.0
888,961.0,1117.9336518168782,-237.68434617925573,1.0
889,961.0,1117.8756604829798,-237.49968797828387,1.0
890,961.0,1117.499339389771,-236.72143033761176,1.0
891,961.0,1117.0311938635625,-236.02337194285656,1.0
892,961.0,1116.8325536217428,-235.76035317118726,0.0
893,919.0,466.11376062873273,823.5030490941117,1.0
894,919.0,466.01853052411866,825.1460904740643,1.0
895,919.0,465.836981156501,826.9064646993015,1.0
896,919.0,465.82228189452803,827.0066293890964,1.0
897,919.0,465.7442229030464,827.4330940980535,1.0
898,919.0,465.4476938011878,829.0108376102471,1.0
899,919.0,465.2015857684785,830.1839760255639,1.0
900,919.0,464.6852166924448,831.1021288482953,1.0
901,919.0,464.4463417578097,831.4364445805554,1.0
902,919.0,464.2171792209481,831.7415342718296,1.0
903,919.0,463.20725636434213,832.8878971147824,1.0
904,919.0,462.3782451462059,833.3698100178999,1.0
905,919.0,461.33976999353104,833.9084832328508,1.0
906,919.0,460.6472213632844,834.2033099806449,1.0
907,919.0,460.3880865735216,834.2846970914629,1.0
908,919.0,459.7702078397399,834.4548849593293,0.0
909,882.0,1120.3740948032448,26.30271786807066,1.0
910,882.0,1120.3739497862337,27.81222103715936,1.0
911,882.0,1120.3277262074046,29.676821888172753,1.0
912,882.0,1120.2695145215405,30.771117920067354,1.0
913,882.0,1119.8493799579494,34.197115845230655,1.0
914,882.0,1119.6119286021733,35.83517170041705,1.0
915,882.0,1119.438654695862,36.85302056111573,1.0
916,882.0,1119.2776380144298,37.71440284639266,1.0
917,882.0,1119.117547948795,38.38875996379579,1.0
918,882.0,1119.0592502447942,38.56773797414485,1.0
919,882.0,1118.8391207812576,39.148820879075856,1.0
920,882.0,1118.6409139238679,39.54342182124719,1.0
921,882.0,1118.329643581532,40.120144541431955,1.0
922,882.0,1118.1266038426554,40.41208474591372,1.0
923,882.0,1117.762836034325,40.86358786516189,1.0
924,882.0,1117.125500795158,41.57320412862123,1.0
925,882.0,1116.8325536217428,41.82304797356869,0.0
926,861.0,816.0571574668013,627.8370255388372,1.0
927,861.0,812.494196642145,628.1845106219744,1.0
928,861.0,811.7126604833913,628.249782976196,1.0
929,861.0,811.3050384952733,628.2574797777993,0.0
930,840.0,-549.1721696169009,1160.1030490941116,1.0
931,840.0,-549.2395255482074,1160.4072081686622,1.0
932,840.0,-549.3372213569194,1160.7604177069893,1.0
933,840.0,-549.3526032999089,1160.8067564109192,1.0
934,840.0,-549.427928483685,1160.945616362901,1.0
935,840.0,-550.4290412338039,1162.3822214317684,1.0
936,840.0,-550.7457060625823,1162.6199802669153,1.0
937,840.0,-551.3473041962784,1162.9696955624108,1.0
938,840.0,-551.9150487851716,1163.2641935118154,1.0
939,840.0,-552.6364536141382,1163.5988982592544,1.0
940,840.0,-553.6952475615051,1163.9967975531458,1.0
941,840.0,-554.6119134264786,1164.284697091463,1.0
942,840.0,-555.8118076677558,1164.615194697908,1.0
943,840.0,-559.8327149929839,1165.4423433243928,1.0
944,840.0,-561.2944349626962,1165.7222645199104,1.0
945,840.0,-563.1625993927078,1166.0664474560754,1.0
946,840.0,-565.3664348186908,1166.4650496679014,1.0
947,840.0,-565.5536830471353,1166.4954715712984,1.0
948,840.0,-567.1569754912018,1166.665392195302,1.0
949,840.0,-579.7799818967885,1167.9744849345238,1.0
950,840.0,-583.268680445151,1168.29252782194,1.0
951,840.0,-583.8797188101971,1168.3361268856474,1.0
952,840.0,-584.2204020189502,1168.3545559195968,0.0
953,799.0,1132.317923499989,238.56446163356327,1.0
954,799.0,1132.2921037601116,239.18214284320356,1.0
955,799.0,1132.244755454313,239.89728218323353,1.0
956,799.0,1132.142508812947,240.90332725866756,1.0
957,799.0,1132.1011430799865,241.19595054177103,1.0
958,799.0,1131.8973057752025,242.44632163026904,1.0
959,799.0,1130.934866526815,247.15392943975075,1.0
960,799.0,1130.9142463250844,247.22873968373437,1.0
961,799.0,1130.863278184461,247.37426404894995,1.0
962,799.0,1130.503734050815,247.92084810746496,1.0
963,799.0,1130.3074235194856,248.03860193083915,1.0
964,799.0,1127.4976210797147,249.08453604035412,1.0
965,799.0,1125.1343402175678,249.8956894492528,1.0
966,799.0,1124.771103008423,250.00960565421428,1.0
967,799.0,1123.8531586120678,250.2300751058367,1.0
968,799.0,1120.7466567396243,250.8786262877502,1.0
969,799.0,1119.8368266988075,251.06223919650347,1.0
970,799.0,1119.4061558831852,251.14444561276218,1.0
971,799.0,1117.633565181309,251.46504966790212,1.0
972,799.0,1117.4463169528647,251.49547157129837,1.0
973,799.0,1116.8325536217428,251.56051962201468,0.0
974,779.0,-378.99800160979794,1160.1030490941116,1.0
975,779.0,-379.1953324629719,1161.800078334756,1.0
976,779.0,-379.30116312620385,1162.5369977114678,1.0
977,779.0,-379.49695025189476,1163.7431405321008,1.0
978,779.0,-379.71539806341866,1164.929661590375,1.0
979,779.0,-379.92934524621205,1166.0048116930952,1.0
980,779.0,-380.23952554820744,1167.4072081686622,1.0
981,779.0,-380.3526032999089,1167.8067564109192,1.0
982,779.0,-380.42792848368504,1167.945616362901,1.0
983,779.0,-381.4290412338039,1169.3822214317684,1.0
984,779.0,-381.74570606258226,1169.6199802669153,1.0
985,779.0,-382.3473041962784,1169.9696955624108,1.0
986,779.0,-382.9150487851716,1170.2641935118154,1.0
987,779.0,-383.6364536141382,1170.5988982592544,1.0
988,779.0,-384.6952475615051,1170.9967975531458,1.0
989,779.0,-385.6119134264786,1171.284697091463,1.0
990,779.0,-386.81180766775583,1171.615194697908,1.0
991,779.0,-390.83271499298394,1172.4423433243928,1.0
992,779.0,-392.2944349626962,1172.7222645199104,1.0
993,779.0,-394.16259939270776,1173.0664474560754,1.0
994,779.0,-396.3664348186908,1173.4650496679014,1.0
995,779.0,-396.55368304713534,1173.4954715712984,1.0
996,779.0,-398.1569754912018,1173.665392195302,1.0
997,779.0,-407.8961053710252,1174.6754070683342,0.0
998,741.0,-176.7832925358632,1169.6006991243275,1.0
999,741.0,-176.79771961784127,1171.2909479062068,1.0
1000,741.0,-176.9553867450736,1174.0112390930299,1.0
1001,741.0,-177.03105088101324,1174.7726336509222,1.0
1002,741.0,-177.18433001004314,1176.2449336219315,1.0
1003,741.0,-177.23470755439394,1176.588219639415,1.0
1004,741.0,-177.50223257114067,1178.0498062707443,1.0
1005,741.0,-177.66952448429015,1178.9399169848748,1.0
1006,741.0,-177.7499649779727,1179.35719672906,1.0
1007,741.0,-177.95553552614706,1180.3329737036165,1.0
1008,741.0,-177.9758145324572,1180.3870646485716,1.0
1009,741.0,-178.59809292039972,1181.4871176081283,1.0
1010,741.0,-178.62793051503377,1181.5353250742974,1.0
1011,741.0,-178.78282077905192,1181.7415342718296,1.0
1012,741.0,-179.79274363565855,1182.8878971147824,1.0
1013,741.0,-180.6217548537943,1183.3698100179,1.0
1014,741.0,-181.66023000646896,1183.9084832328508,1.0
1015,741.0,-182.35277863671513,1184.203309980645,1.0
1016,741.0,-182.61191342647862,1184.284697091463,1.0
1017,741.0,-183.81180766775583,1184.615194697908,1.0
1018,741.0,-187.83271499298394,1185.4423433243928,1.0
1019,741.0,-189.2944349626962,1185.7222645199104,1.0
1020,741.0,-191.16259939270776,1186.0664474560754,1.0
1021,741.0,-193.36643481869078,1186.4650496679014,1.0
1022,741.0,-193.55368304713534,1186.4954715712984,1.0
1023,741.0,-195.15697549120182,1186.665392195302,1.0
1024,741.0,-206.91802590260068,1187.884866544981,1.0
1025,741.0,-211.28733951660797,1188.249782976196,1.0
1026,741.0,-211.69496150472673,1188.2574797777993,0.0
1027,702.0,745.4256749639887,875.0414544507116,1.0
1028,702.0,745.4195595989061,877.139034492614,1.0
1029,702.0,745.4140036810825,877.3228409965286,1.0
1030,702.0,745.0185305241187,884.1460904740643,1.0
1031,702.0,744.836981156501,885.9064646993015,1.0
1032,702.0,744.822281894528,886.0066293890964,1.0
1033,702.0,744.4476938011878,888.0108376102471,1.0
1034,702.0,744.2015857684785,889.1839760255639,1.0
1035,702.0,743.6852166924448,890.1021288482953,1.0
1036,702.0,743.4463417578097,890.4364445805554,1.0
1037,702.0,743.2171792209481,890.7415342718296,1.0
1038,702.0,742.2072563643421,891.8878971147824,1.0
1039,702.0,741.3782451462059,892.3698100178999,1.0
1040,702.0,740.339769993531,892.9084832328508,1.0
1041,702.0,739.890222614101,893.1031132130088,1.0
1042,702.0,739.6472213632844,893.2033099806449,1.0
1043,702.0,739.3880865735216,893.2846970914629,1.0
1044,702.0,738.1881923322442,893.615194697908,1.0
1045,702.0,734.1672850070156,894.4423433243928,1.0
1046,702.0,732.7055650373038,894.7222645199104,1.0
1047,702.0,730.8374006072925,895.0664474560754,1.0
1048,702.0,728.633565181309,895.4650496679014,1.0
1049,702.0,728.4463169528647,895.4954715712984,1.0
1050,702.0,726.8430245087977,895.665392195302,1.0
1051,702.0,715.0819740973996,896.8848665449809,1.0
1052,702.0,710.7126604833913,897.249782976196,1.0
1053,702.0,710.3050384952733,897.2574797777993,0.0
1054,683.0,54.69437905605514,1140.3030490941114,1.0
1055,683.0,49.081974097399325,1140.884866544981,1.0
1056,683.0,44.71266048339203,1141.249782976196,1.0
1057,683.0,44.305038495273266,1141.2574797777993,0.0
1058,654.0,1132.317923499989,510.56446163356327,1.0
1059,654.0,1132.2921037601116,511.18214284320356,1.0
1060,654.0,1132.244755454313,511.89728218323353,1.0
1061,654.0,1132.142508812947,512.9033272586676,1.0
1062,654.0,1132.1011430799865,513.195950541771,1.0
1063,654.0,1131.8973057752025,514.446321630269,1.0
1064,654.0,1130.934866526815,519.1539294397508,1.0
1065,654.0,1130.863278184461,519.37426404895,1.0
1066,654.0,1130.5095279704922,519.9127992624176,1.0
1067,654.0,1130.503734050815,519.9208481074647,1.0
1068,654.0,1130.3315183708826,520.0261035566305,1.0
1069,654.0,1130.3074235194856,520.0386019308394,1.0
1070,654.0,1127.4976210797147,521.0845360403541,1.0
1071,654.0,1125.1343402175678,521.895689449253,1.0
1072,654.0,1124.771103008423,522.0096056542143,1.0
1073,654.0,1123.8531586120678,522.2300751058369,1.0
1074,654.0,1120.7466567396243,522.8786262877502,1.0
1075,654.0,1119.8368266988075,523.0622391965035,1.0
1076,654.0,1119.4061558831852,523.144445612762,1.0
1077,654.0,1117.633565181309,523.4650496679019,1.0
1078,654.0,1117.4463169528647,523.4954715712984,1.0
1079,654.0,1111.8818001370225,524.0739111677881,1.0
1080,654.0,1106.3459156291744,524.6138096912678,0.0
1081,592.0,309.52925164002977,1140.3030490941114,1.0
1082,592.0,308.44631695286466,1140.4954715712984,1.0
1083,592.0,306.8430245087977,1140.665392195302,1.0
1084,592.0,295.08197409739955,1141.884866544981,1.0
1085,592.0,290.71266048339135,1142.249782976196,1.0
1086,592.0,290.30503849527327,1142.2574797777993,0.0
1087,488.0,1450.0055986862542,-170.06494419606543,1.0
1088,488.0,1449.9795085397925,-166.83960325907879,1.0
1089,488.0,1449.8553546706914,-157.8374092486265,1.0
1090,488.0,1449.7714400181956,-154.6973762416594,1.0
1091,488.0,1449.4759716958613,-151.8445855905511,1.0
1092,488.0,1449.4061001475727,-151.2411676682459,1.0
1093,488.0,1449.339900277221,-150.73383089432605,1.0
1094,488.0,1449.281546624615,-150.35610377761668,1.0
1095,488.0,1448.7364556196687,-147.68318174536557,1.0
1096,488.0,1448.6551941021742,-147.3226794023317,1.0
1097,488.0,1448.5813414191587,-147.0251968052628,1.0
1098,488.0,1448.5468143726182,-146.91371671241905,1.0
1099,488.0,1448.2116800529532,-146.36616845983326,1.0
1100,488.0,1447.926780225823,-145.9164341762753,1.0
1101,488.0,1447.8495396419605,-145.8269412276568,1.0
1102,488.0,1447.6182074284918,-145.63856472738507,1.0
1103,488.0,1446.9827666259528,-145.39047931421578,1.0
1104,488.0,1445.8759389950367,-145.02466143104562,1.0
1105,488.0,1445.439151765857,-144.8890656522351,1.0
1106,488.0,1445.0559156119646,-144.79008362038303,1.0
1107,488.0,1444.2276348228927,-144.60053996808665,1.0
1108,488.0,1443.711418150446,-144.49611658958634,1.0
1109,488.0,1441.7429970575538,-144.12038450404748,0.0
1110,451.0,1148.5081749922963,736.4655907068613,1.0
1111,451.0,1148.47418373509,737.8433221016744,1.0
1112,451.0,1148.4422742997983,738.6066860504438,1.0
1113,451.0,1148.163274944014,743.5762700383407,1.0
1114,451.0,1148.0768811096657,744.6012365230681,1.0
1115,451.0,1147.880301762443,745.5627709489768,1.0
1116,451.0,1147.2367886170666,748.1270695503244,1.0
1117,451.0,1146.6852166924448,749.1021288482953,1.0
1118,451.0,1146.4463417578097,749.4364445805554,1.0
1119,451.0,1146.217179220948,749.7415342718296,1.0
1120,451.0,1145.2072563643421,750.8878971147824,1.0
1121,451.0,1144.378245146206,751.3698100178999,1.0
1122,451.0,1143.339769993531,751.9084832328508,1.0
1123,451.0,1142.6472213632844,752.2033099806449,1.0
1124,451.0,1142.3880865735216,752.2846970914629,1.0
1125,451.0,1141.1881923322442,752.615194697908,1.0
1126,451.0,1137.599839804587,753.3618314563319,1.0
1127,451.0,1136.8254310997593,753.5159449993712,1.0
1128,451.0,1133.8374006072925,754.0664474560754,1.0
1129,451.0,1131.633565181309,754.4650496679014,1.0
1130,451.0,1131.4463169528647,754.4954715712984,1.0
1131,451.0,1129.7118165163722,754.6792979203801,1.0
1132,451.0,1118.0819740973996,755.8848665449809,1.0
1133,451.0,1113.7126604833913,756.249782976196,1.0
1134,451.0,1113.3050384952733,756.2574797777993,0.0
1135,422.0,611.391516807518,1145.8243085311756,1.0
1136,422.0,611.3852149435627,1147.9858579857314,1.0
1137,422.0,611.3758116899687,1148.2969459505875,1.0
1138,422.0,611.0446132549266,1154.0112390930299,1.0
1139,422.0,610.8156699899571,1156.2449336219315,1.0
1140,422.0,610.7652924456067,1156.588219639415,1.0
1141,422.0,610.49776742886,1158.0498062707443,1.0
1142,422.0,610.2500350220269,1159.35719672906,1.0
1143,422.0,610.0444644738525,1160.3329737036165,1.0
1144,422.0,610.024185467543,1160.3870646485716,1.0
1145,422.0,609.3720694849669,1161.5353250742974,1.0
1146,422.0,609.2171792209481,1161.7415342718296,1.0
1147,422.0,608.2072563643421,1162.8878971147824,1.0
1148,422.0,607.3782451462059,1163.3698100179,1.0
1149,422.0,606.339769993531,1163.9084832328508,1.0
1150,422.0,605.890222614101,1164.1031132130088,1.0
1151,422.0,605.6472213632844,1164.203309980645,1.0
1152,422.0,605.3880865735216,1164.284697091463,1.0
1153,422.0,604.1881923322442,1164.615194697908,1.0
1154,422.0,600.1672850070156,1165.4423433243928,1.0
1155,422.0,598.7055650373038,1165.7222645199104,1.0
1156,422.0,596.8374006072925,1166.0664474560754,1.0
1157,422.0,594.633565181309,1166.4650496679014,1.0
1158,422.0,594.4463169528647,1166.4954715712984,1.0
1159,422.0,592.8430245087977,1166.665392195302,1.0
1160,422.0,581.0819740973996,1167.884866544981,1.0
1161,422.0,576.7126604833913,1168.249782976196,1.0
1162,422.0,576.3050384952733,1168.2574797777993,0.0
1163,369.0,-365.0415984942447,1460.4030490941113,1.0
1164,369.0,-365.81180766775583,1460.615194697908,1.0
1165,369.0,-369.83271499298394,1461.4423433243928,1.0
1166,369.0,-371.2944349626962,1461.7222645199104,1.0
1167,369.0,-373.16259939270776,1462.0664474560754,1.0
1168,369.0,-375.55368304713534,1462.4954715712984,1.0
1169,369.0,-377.1569754912018,1462.665392195302,1.0
1170,369.0,-388.9180259026007,1463.884866544981,1.0
1171,369.0,-393.287339516608,1464.249782976196,1.0
1172,369.0,-393.69496150472673,1464.2574797777993,0.0
1173,367.0,1482.908861862986,-5.2126016159199935,1.0
1174,367.0,1481.2784883193215,-4.918280634932216,1.0
1175,367.0,1481.0747571072486,-4.887202568588236,1.0
1176,367.0,1478.0724496199703,-4.574646119517411,1.0
1177,367.0,1475.9481779547298,-4.3602789690041845,1.0
1178,367.0,1475.3018569001167,-4.30357168184787,1.0
1179,367.0,1472.278585660272,-4.11289377782532,0.0
1180,260.0,1462.4305386669569,188.46792370211733,1.0
1181,260.0,1462.2369747430514,195.52685009460174,1.0
1182,260.0,1462.1927923511937,196.8634168808444,1.0
1183,260.0,1462.0955279897637,198.42747175817,1.0
1184,260.0,1462.0484117604808,199.02129754830526,1.0
1185,260.0,1461.889518254358,200.44336056253405,1.0
1186,260.0,1461.7310831805528,200.7797470908488,1.0
1187,260.0,1460.4128114794046,203.08586281272915,1.0
1188,260.0,1460.3260007553629,203.19616432954194,1.0
1189,260.0,1459.5522736990918,203.64593997039037,0.0
1190,238.0,16.137823385666024,1438.4030490941113,1.0
1191,238.0,16.04461325492639,1440.0112390930299,1.0
1192,238.0,15.968949118986757,1440.7726336509222,1.0
1193,238.0,15.81566998995686,1442.2449336219315,1.0
1194,238.0,15.765292445606065,1442.588219639415,1.0
1195,238.0,15.497767428859333,1444.0498062707443,1.0
1196,238.0,15.33047551570985,1444.9399169848748,1.0
1197,238.0,15.250035022027305,1445.35719672906,1.0
1198,238.0,15.04446447385294,1446.3329737036165,1.0
1199,238.0,15.024185467542793,1446.3870646485716,1.0
1200,238.0,14.401907079600278,1447.4871176081283,1.0
1201,238.0,14.372069484966232,1447.5353250742974,1.0
1202,238.0,14.217179220948083,1447.7415342718296,1.0
1203,238.0,13.207256364341447,1448.8878971147824,1.0
1204,238.0,12.3782451462057,1449.3698100179,1.0
1205,238.0,11.339769993531036,1449.9084832328508,1.0
1206,238.0,10.64722136328487,1450.203309980645,1.0
1207,238.0,10.388086573521377,1450.284697091463,1.0
1208,238.0,9.18819233224417,1450.615194697908,1.0
1209,238.0,8.865954771063343,1450.6822434079413,0.0
1210,147.0,1022.0243005690943,985.2030490941115,1.0
1211,147.0,1022.003994131014,986.0694631889933,1.0
1212,147.0,1021.9542039675669,987.6978864140897,1.0
1213,147.0,1021.8299575126678,990.7180771092103,1.0
1214,147.0,1021.7943298784232,991.2086232545321,1.0
1215,147.0,1021.691905675101,992.462932921263,1.0
1216,147.0,1021.3034499192374,996.1349994539578,1.0
1217,147.0,1021.0971010596388,997.6171261085965,1.0
1218,147.0,1020.7028435000959,999.2189562615818,1.0
1219,147.0,1020.5501752716989,999.752112002629,1.0
1220,147.0,1020.2376457591629,1000.5638714021429,1.0
1221,147.0,1019.7328336733929,1001.4467133422472,1.0
1222,147.0,1019.2435973891022,1002.2091909038795,1.0
1223,147.0,1018.6024466754918,1003.062770533229,1.0
1224,147.0,1018.174618628602,1003.5483978986454,1.0
1225,147.0,1017.1773174923007,1004.1823381039553,1.0
1226,147.0,1016.2360530876338,1004.5905797035834,1.0
1227,147.0,1016.1615236679534,1004.6088685231666,0.0
1228,115.0,1462.4305386669569,460.46792370211733,1.0
1229,115.0,1462.2369747430514,467.52685009460174,1.0
1230,115.0,1462.1927923511937,468.8634168808444,1.0
1231,115.0,1462.0955279897637,470.42747175817,1.0
1232,115.0,1462.0484117604808,471.02129754830526,1.0
1233,115.0,1461.889518254358,472.44336056253405,1.0
1234,115.0,1461.7310831805528,472.7797470908488,1.0
1235,115.0,1460.4128114794046,475.08586281272915,1.0
1236,115.0,1460.3260007553629,475.19616432954194,1.0
1237,115.0,1459.5522736990918,475.6459399703904,0.0
1238,100.0,219.2333807672169,1438.4030490941113,1.0
1239,100.0,219.02247930837325,1440.7882539772404,1.0
1240,100.0,218.89534553988346,1441.4368391800485,1.0
1241,100.0,218.70284350009592,1442.2189562615818,1.0
1242,100.0,218.59492726351323,1442.5958268239128,1.0
1243,100.0,218.51477692057438,1442.8440551411172,1.0
1244,100.0,218.2376457591629,1443.563871402143,1.0
1245,100.0,217.73283367339286,1444.4467133422472,1.0
1246,100.0,217.2435973891022,1445.2091909038795,1.0
1247,100.0,216.60244667549182,1446.062770533229,1.0
1248,100.0,216.17461862860205,1446.5483978986454,1.0
1249,100.0,215.17731749230074,1447.1823381039553,1.0
1250,100.0,214.23605308763376,1447.5905797035834,1.0
1251,100.0,213.94488693179824,1447.6601146909547,0.0
